<skin version="1.1"><bkgd_main showhide="show" bkgd_alpha="100" bkgd_color="FFFFFF" imageURL="skin_winamper_bkgd.jpg" height="260" width="354" y="116" x="26" style="custom" objectType="mc" helpTag="main background" /><visualDisplay showhide="hide" outline_alpha="undefined" outline_color="undefined" bkgd_alpha="100" bkgd_color="CCD5B1" height="125.05" width="125" y="420.75" x="863.35" objectType="mc" helpTag="cover art holder" /><bkgd_info showhide="hide" outline_alpha="undefined" outline_color="undefined" bkgd_alpha="100" bkgd_color="CCD5B1" height="20.05" width="232.35" y="420.75" x="863.35" objectType="mc" helpTag="info background" /><bkgd_pl showhide="hide" outline_alpha="undefined" outline_color="undefined" bkgd_alpha="100" bkgd_color="CCD5B1" height="71.65" width="161.8" y="420.75" x="863.35" objectType="mc" helpTag="playlist background" /><thinker showhide="show" bkgd_alpha="100" bkgd_color="000000" style="blades" height="18.9" width="18.85" y="170" x="343" objectType="mc" helpTag="loading indicator" /><listPlayOpen showhide="show" totalitems="5" pl_t_color_norm_alpha="100" pl_t_color_playing_alpha="100" pl_bg_color_norm_alpha="0" pl_bg_color_playing_alpha="100" pl_bg_color_over_alpha="100" pl_t_color_norm="FFFFFF" pl_t_color_playing="FFFFFF" pl_bg_color_norm="FFFFFF" pl_bg_color_playing="43361E" pl_bg_color_over="0066FF" height="90.75" width="319.75" y="277.7" x="36.8" objectType="pl" helpTag="click to play / open" /><toggleRandomMC showhide="show" icon_on_alpha="100" icon_on_color="0043FF" icon_alpha="100" icon_color="000000" button_alpha="0" button_color="000000" bkgd_alpha="0" bkgd_color="000000" imageURL="undefined" height="13.2" width="17.7" y="149" x="342" style="fade" objectType="mc" helpTag="random playback" /><toggleRepeatMC showhide="show" icon_on_alpha="100" icon_on_color="0043FF" icon_alpha="100" icon_color="000000" button_alpha="0" button_color="000000" bkgd_alpha="0" bkgd_color="000000" imageURL="undefined" height="16.2" width="16.2" y="124" x="342" style="undefined" objectType="mc" helpTag="repeat track" /><toggleInfoMC showhide="show" icon_on_alpha="100" icon_on_color="0043FF" icon_alpha="100" icon_color="000000" button_alpha="0" button_color="000000" bkgd_alpha="0" bkgd_color="000000" imageURL="undefined" height="21" width="22" y="222" x="326" style="bevel" objectType="mc" helpTag="help" /><toggleMuteMC showhide="show" icon_on_alpha="100" icon_on_color="0043FF" icon_alpha="100" icon_color="000000" imageURL="undefined" height="11.5" width="12.5" y="223" x="162" objectType="mc" helpTag="mute volume" /><playControl_prev showhide="show" icon_alpha="100" icon_color="000000" button_alpha="0" button_color="FFFFFF" bkgd_alpha="0" bkgd_color="FFFFFF" imageURL="undefined" height="19" width="20" y="215" x="36" style="metal" objectType="mc" helpTag="previous track" /><playControl_pause showhide="show" icon_alpha="100" icon_color="000000" button_alpha="0" button_color="FFFFFF" bkgd_alpha="0" bkgd_color="FFFFFF" imageURL="undefined" height="21" width="21" y="215" x="65" style="metal" objectType="mc" helpTag="pause" /><playControl_next showhide="show" icon_alpha="100" icon_color="000000" button_alpha="0" button_color="FFFFFF" bkgd_alpha="0" bkgd_color="FFFFFF" imageURL="undefined" height="20" width="20" y="214" x="124" style="metal" objectType="mc" helpTag="next track" /><playControl_play showhide="show" icon_alpha="100" icon_color="000000" button_alpha="0" button_color="FFFFFF" bkgd_alpha="0" bkgd_color="FFFFFF" imageURL="undefined" height="21" width="21" y="215" x="95" style="metal" objectType="mc" helpTag="play track" /><scrub_line showhide="show" outline_alpha="undefined" outline_color="undefined" loader_alpha="undefined" loader_color="undefined" bkgd_alpha="0" bkgd_color="FFFFFF" imageURL="undefined" height="3.05" width="339.95" y="197" x="33" style="bevel" objectType="scrub" helpTag="position locator" /><scrubber showhide="show" button_alpha="undefined" button_color="undefined" bkgd_alpha="undefined" bkgd_color="undefined" imageURL="undefined" height="15.75" width="15.95" y="190.6" x="33" style="glass" objectType="scrub" helpTag="location handle" /><playlist_back showhide="show" icon_alpha="100" icon_color="000000" button_alpha="0" button_color="FFFFFF" bkgd_alpha="1.171875" bkgd_color="FFFFFF" imageURL="undefined" height="15" width="16" y="255" x="41" style="metal" objectType="mc" helpTag="previous playlist" /><playlist_line showhide="show" outline_alpha="undefined" outline_color="undefined" bkgd_alpha="0" bkgd_color="FFFFFF" height="85.3" width="5.6" y="274.4" x="366.15" style="bevel" objectType="pl_scroll" helpTag="scroll playlist one page" /><playlist_handle showhide="show" button_alpha="undefined" button_color="undefined" bkgd_alpha="undefined" bkgd_color="undefined" imageURL="undefined" height="14" width="14" y="274.4" x="361.95" style="glass" objectType="pl_scroll" helpTag="scroll playlist" /><vol_line showhide="show" outline_alpha="undefined" outline_color="undefined" bkgd_alpha="0" bkgd_color="FFFFFF" height="2.25" width="111.05" y="231" x="182" style="bevel" rotation="0" objectType="vol" helpTag="volume adjust " /><vol_handle showhide="show" button_alpha="undefined" button_color="undefined" bkgd_alpha="undefined" bkgd_color="undefined" imageURL="undefined" height="15.75" width="14" y="224.25" x="279.05" style="glass" objectType="vol" helpTag="adjust volume" /><itext showhide="show" color="FFFFFF" height="15" width="202" y="144" x="43" objectType="itext" helpTag="track info" /><itime showhide="show" color="FFFFFF" height="27" width="85" y="131" x="239" objectType="itime" helpTag="track time" /><startUpText showhide="show" theText="Click an item to start playing a track" /><fakeEQ showhide="hide" alpha="undefined" color="undefined" height="15" width="38" y="420.75" x="863.35" totalBars="10" objectType="mc" /><toggleVoteMC showhide="hide" icon_on_alpha="undefined" icon_on_color="undefined" icon_alpha="undefined" icon_color="undefined" button_alpha="undefined" button_color="undefined" bkgd_alpha="undefined" bkgd_color="undefined" imageURL="undefined" height="16.05" width="16.05" y="420.75" x="863.35" style="undefined" objectType="mc" helpTag="undefined" /><playlistScrollerUp showhide="hide" icon_alpha="undefined" icon_color="undefined" button_alpha="undefined" button_color="undefined" bkgd_alpha="undefined" bkgd_color="undefined" imageURL="undefined" height="15.15" width="15.1" y="420.75" x="863.35" style="undefined" objectType="mc" helpTag="undefined" /><playlistScrollerDown showhide="hide" icon_alpha="undefined" icon_color="undefined" button_alpha="undefined" button_color="undefined" bkgd_alpha="undefined" bkgd_color="undefined" imageURL="undefined" height="15.15" width="15.1" y="420.75" x="863.35" style="undefined" objectType="mc" helpTag="undefined" /></skin>