http://www.fileplanet.com/files/50000/51913.shtml, Unreal Tournament v436 Patch, 7 MB
http://www.fileplanet.com/files/30000/38078.shtml, Unreal Tournament Bonus Pack, 13.8 MB
http://www.fileplanet.com/files/80000/81726.shtml, Unreal Tournament Bonus Pack #2 [Digital Extremes], 1.5 MB
http://www.fileplanet.com/files/40000/43180.shtml, Unreal Tournament Bonus Pack #3 [Inoxx], 4.8 MB
http://www.fileplanet.com/files/50000/53827.shtml, Unreal Tournament Bonus Pack #4 [UMOD installer], 14.2 MB

